corpus	codec	edit	metric	value
headers	tgz	append	load1_before	2.13671875
headers	tgz	append	load5_before	4.0126953125
headers	tgz	append	load15_before	5.3232421875
headers	tgz	append	base_ms	34.359625
headers	tgz	append	full_ms	34.901083
headers	tgz	append	splice_ms	17.213459
headers	tgz	append	load1_after	2.13671875
headers	tgz	append	load5_after	4.0126953125
headers	tgz	append	load15_after	5.3232421875
headers	tbz	append	load1_before	2.13671875
headers	tbz	append	load5_before	4.0126953125
headers	tbz	append	load15_before	5.3232421875
headers	tbz	append	base_ms	68.392125
headers	tbz	append	full_ms	160.741625
headers	tbz	append	splice_ms	116.81625
headers	tbz	append	load1_after	2.13671875
headers	tbz	append	load5_after	4.0126953125
headers	tbz	append	load15_after	5.3232421875
headers	txz	append	load1_before	2.13671875
headers	txz	append	load5_before	4.0126953125
headers	txz	append	load15_before	5.3232421875
headers	txz	append	base_ms	134.263375
headers	txz	append	full_ms	138.898958
headers	txz	append	splice_ms	35.095416
headers	txz	append	load1_after	2.12548828125
headers	txz	append	load5_after	3.97900390625
headers	txz	append	load15_after	5.3037109375
headers	tgz	delete-mid	load1_before	2.12548828125
headers	tgz	delete-mid	load5_before	3.97900390625
headers	tgz	delete-mid	load15_before	5.3037109375
headers	tgz	delete-mid	base_ms	35.022291
headers	tgz	delete-mid	full_ms	34.7415
headers	tgz	delete-mid	splice_ms	16.987
headers	tgz	delete-mid	load1_after	2.12548828125
headers	tgz	delete-mid	load5_after	3.97900390625
headers	tgz	delete-mid	load15_after	5.3037109375
headers	tbz	delete-mid	load1_before	2.12548828125
headers	tbz	delete-mid	load5_before	3.97900390625
headers	tbz	delete-mid	load15_before	5.3037109375
headers	tbz	delete-mid	base_ms	68.172416
headers	tbz	delete-mid	full_ms	68.897666
headers	tbz	delete-mid	splice_ms	55.075167
headers	tbz	delete-mid	load1_after	2.12548828125
headers	tbz	delete-mid	load5_after	3.97900390625
headers	tbz	delete-mid	load15_after	5.3037109375
headers	txz	delete-mid	load1_before	2.12548828125
headers	txz	delete-mid	load5_before	3.97900390625
headers	txz	delete-mid	load15_before	5.3037109375
headers	txz	delete-mid	base_ms	135.108334
headers	txz	delete-mid	full_ms	135.016458
headers	txz	delete-mid	splice_ms	74.428875
headers	txz	delete-mid	load1_after	2.12548828125
headers	txz	delete-mid	load5_after	3.97900390625
headers	txz	delete-mid	load15_after	5.3037109375
headers	tgz	delete-big	load1_before	2.12548828125
headers	tgz	delete-big	load5_before	3.97900390625
headers	tgz	delete-big	load15_before	5.3037109375
headers	tgz	delete-big	base_ms	34.647916
headers	tgz	delete-big	full_ms	34.592375
headers	tgz	delete-big	splice_ms	16.711083
headers	tgz	delete-big	load1_after	2.03515625
headers	tgz	delete-big	load5_after	3.92919921875
headers	tgz	delete-big	load15_after	5.2783203125
headers	tbz	delete-big	load1_before	2.03515625
headers	tbz	delete-big	load5_before	3.92919921875
headers	tbz	delete-big	load15_before	5.2783203125
headers	tbz	delete-big	base_ms	69.008583
headers	tbz	delete-big	full_ms	68.43075
headers	tbz	delete-big	splice_ms	41.16375
headers	tbz	delete-big	load1_after	2.03515625
headers	tbz	delete-big	load5_after	3.92919921875
headers	tbz	delete-big	load15_after	5.2783203125
headers	txz	delete-big	load1_before	2.03515625
headers	txz	delete-big	load5_before	3.92919921875
headers	txz	delete-big	load15_before	5.2783203125
headers	txz	delete-big	base_ms	133.9985
headers	txz	delete-big	full_ms	133.636583
headers	txz	delete-big	splice_ms	61.048958
headers	txz	delete-big	load1_after	2.03515625
headers	txz	delete-big	load5_after	3.92919921875
headers	txz	delete-big	load15_after	5.2783203125
headers	tgz	rename-same	load1_before	2.03515625
headers	tgz	rename-same	load5_before	3.92919921875
headers	tgz	rename-same	load15_before	5.2783203125
headers	tgz	rename-same	base_ms	34.548916
headers	tgz	rename-same	full_ms	34.244334
headers	tgz	rename-same	splice_ms	16.827959
headers	tgz	rename-same	load1_after	2.03515625
headers	tgz	rename-same	load5_after	3.92919921875
headers	tgz	rename-same	load15_after	5.2783203125
headers	tbz	rename-same	load1_before	2.03515625
headers	tbz	rename-same	load5_before	3.92919921875
headers	tbz	rename-same	load15_before	5.2783203125
headers	tbz	rename-same	base_ms	69.042875
headers	tbz	rename-same	full_ms	69.00575
headers	tbz	rename-same	splice_ms	54.435791
headers	tbz	rename-same	load1_after	2.03515625
headers	tbz	rename-same	load5_after	3.92919921875
headers	tbz	rename-same	load15_after	5.2783203125
headers	txz	rename-same	load1_before	2.03515625
headers	txz	rename-same	load5_before	3.92919921875
headers	txz	rename-same	load15_before	5.2783203125
headers	txz	rename-same	base_ms	136.131708
headers	txz	rename-same	full_ms	135.429833
headers	txz	rename-same	splice_ms	62.372084
headers	txz	rename-same	load1_after	2.9931640625
headers	txz	rename-same	load5_after	4.09619140625
headers	txz	rename-same	load15_after	5.3291015625
headers	tgz	rename-diff	load1_before	2.9931640625
headers	tgz	rename-diff	load5_before	4.09619140625
headers	tgz	rename-diff	load15_before	5.3291015625
headers	tgz	rename-diff	base_ms	34.630583
headers	tgz	rename-diff	full_ms	34.567791
headers	tgz	rename-diff	splice_ms	17.044666
headers	tgz	rename-diff	load1_after	2.9931640625
headers	tgz	rename-diff	load5_after	4.09619140625
headers	tgz	rename-diff	load15_after	5.3291015625
headers	tbz	rename-diff	load1_before	2.9931640625
headers	tbz	rename-diff	load5_before	4.09619140625
headers	tbz	rename-diff	load15_before	5.3291015625
headers	tbz	rename-diff	base_ms	69.080292
headers	tbz	rename-diff	full_ms	106.308334
headers	tbz	rename-diff	splice_ms	60.312916
headers	tbz	rename-diff	load1_after	2.9931640625
headers	tbz	rename-diff	load5_after	4.09619140625
headers	tbz	rename-diff	load15_after	5.3291015625
headers	txz	rename-diff	load1_before	2.9931640625
headers	txz	rename-diff	load5_before	4.09619140625
headers	txz	rename-diff	load15_before	5.3291015625
headers	txz	rename-diff	base_ms	135.395625
headers	txz	rename-diff	full_ms	135.10525
headers	txz	rename-diff	splice_ms	74.393333
headers	txz	rename-diff	load1_after	2.83349609375
headers	txz	rename-diff	load5_after	4.04443359375
headers	txz	rename-diff	load15_after	5.3037109375
small	tgz	append	load1_before	2.83349609375
small	tgz	append	load5_before	4.04443359375
small	tgz	append	load15_before	5.3037109375
small	tgz	append	base_ms	388.618667
small	tgz	append	full_ms	387.0165
small	tgz	append	splice_ms	192.641125
small	tgz	append	load1_after	2.6865234375
small	tgz	append	load5_after	3.99365234375
small	tgz	append	load15_after	5.2783203125
small	tbz	append	load1_before	2.6865234375
small	tbz	append	load5_before	3.99365234375
small	tbz	append	load15_before	5.2783203125
small	tbz	append	base_ms	628.989208
small	tbz	append	full_ms	638.635458
small	tbz	append	splice_ms	342.304083
small	tbz	append	load1_after	2.5068359375
small	tbz	append	load5_after	3.9111328125
small	tbz	append	load15_after	5.2333984375
small	txz	append	load1_before	2.5068359375
small	txz	append	load5_before	3.9111328125
small	txz	append	load15_before	5.2333984375
small	txz	append	base_ms	1176.97925
small	txz	append	full_ms	1180.682666
small	txz	append	splice_ms	282.174042
small	txz	append	load1_after	2.23974609375
small	txz	append	load5_after	3.7841796875
small	txz	append	load15_after	5.16455078125
small	tgz	delete-mid	load1_before	2.23974609375
small	tgz	delete-mid	load5_before	3.7841796875
small	tgz	delete-mid	load15_before	5.16455078125
small	tgz	delete-mid	base_ms	386.285416
small	tgz	delete-mid	full_ms	386.425584
small	tgz	delete-mid	splice_ms	192.392166
small	tgz	delete-mid	load1_after	2.34326171875
small	tgz	delete-mid	load5_after	3.75732421875
small	tgz	delete-mid	load15_after	5.13916015625
small	tbz	delete-mid	load1_before	2.34326171875
small	tbz	delete-mid	load5_before	3.75732421875
small	tbz	delete-mid	load15_before	5.13916015625
small	tbz	delete-mid	base_ms	617.511042
small	tbz	delete-mid	full_ms	630.395833
small	tbz	delete-mid	splice_ms	252.5365
small	tbz	delete-mid	load1_after	2.8759765625
small	tbz	delete-mid	load5_after	3.84423828125
small	tbz	delete-mid	load15_after	5.16162109375
small	txz	delete-mid	load1_before	2.8759765625
small	txz	delete-mid	load5_before	3.84423828125
small	txz	delete-mid	load15_before	5.16162109375
small	txz	delete-mid	base_ms	1205.593333
small	txz	delete-mid	full_ms	1203.714041
small	txz	delete-mid	splice_ms	291.8825
small	txz	delete-mid	load1_after	4.94873046875
small	txz	delete-mid	load5_after	4.2705078125
small	txz	delete-mid	load15_after	5.28466796875
small	tgz	rename-same	load1_before	4.94873046875
small	tgz	rename-same	load5_before	4.2705078125
small	tgz	rename-same	load15_before	5.28466796875
small	tgz	rename-same	base_ms	392.825209
small	tgz	rename-same	full_ms	392.512666
small	tgz	rename-same	splice_ms	195.523
small	tgz	rename-same	load1_after	4.71240234375
small	tgz	rename-same	load5_after	4.232421875
small	tgz	rename-same	load15_after	5.26513671875
small	tbz	rename-same	load1_before	4.71240234375
small	tbz	rename-same	load5_before	4.232421875
small	tbz	rename-same	load15_before	5.26513671875
small	tbz	rename-same	base_ms	621.963084
small	tbz	rename-same	full_ms	630.197917
small	tbz	rename-same	splice_ms	256.499125
small	tbz	rename-same	load1_after	5.52490234375
small	tbz	rename-same	load5_after	4.421875
small	tbz	rename-same	load15_after	5.31982421875
small	txz	rename-same	load1_before	5.52490234375
small	txz	rename-same	load5_before	4.421875
small	txz	rename-same	load15_before	5.31982421875
small	txz	rename-same	base_ms	1204.338292
small	txz	rename-same	full_ms	1203.237375
small	txz	rename-same	splice_ms	291.160917
small	txz	rename-same	load1_after	4.9033203125
small	txz	rename-same	load5_after	4.3359375
small	txz	rename-same	load15_after	5.27294921875
small	tgz	rename-diff	load1_before	4.9033203125
small	tgz	rename-diff	load5_before	4.3359375
small	tgz	rename-diff	load15_before	5.27294921875
small	tgz	rename-diff	base_ms	393.185542
small	tgz	rename-diff	full_ms	392.733958
small	tgz	rename-diff	splice_ms	196.399041
small	tgz	rename-diff	load1_after	4.61669921875
small	tgz	rename-diff	load5_after	4.29150390625
small	tgz	rename-diff	load15_after	5.24560546875
small	tbz	rename-diff	load1_before	4.61669921875
small	tbz	rename-diff	load5_before	4.29150390625
small	tbz	rename-diff	load15_before	5.24560546875
small	tbz	rename-diff	base_ms	625.908875
small	tbz	rename-diff	full_ms	637.181834
small	tbz	rename-diff	splice_ms	252.187875
small	tbz	rename-diff	load1_after	4.7294921875
small	tbz	rename-diff	load5_after	4.330078125
small	tbz	rename-diff	load15_after	5.248046875
small	txz	rename-diff	load1_before	4.7294921875
small	txz	rename-diff	load5_before	4.330078125
small	txz	rename-diff	load15_before	5.248046875
small	txz	rename-diff	base_ms	1186.830292
small	txz	rename-diff	full_ms	1185.869958
small	txz	rename-diff	splice_ms	286.300167
small	txz	rename-diff	load1_after	3.9765625
small	txz	rename-diff	load5_after	4.18212890625
small	txz	rename-diff	load15_after	5.17919921875
text	tgz	append	load1_before	3.9765625
text	tgz	append	load5_before	4.18212890625
text	tgz	append	load15_before	5.17919921875
text	tgz	append	base_ms	405.51725
text	tgz	append	full_ms	407.615292
text	tgz	append	splice_ms	32.315875
text	tgz	append	load1_after	3.81787109375
text	tgz	append	load5_after	4.1455078125
text	tgz	append	load15_after	5.16015625
text	tbz	append	load1_before	3.81787109375
text	tbz	append	load5_before	4.1455078125
text	tbz	append	load15_before	5.16015625
text	tbz	append	base_ms	859.389
text	tbz	append	full_ms	891.929791
text	tbz	append	splice_ms	165.887791
text	tbz	append	load1_after	4.86083984375
text	tbz	append	load5_after	4.35498046875
text	tbz	append	load15_after	5.22216796875
text	txz	append	load1_before	4.86083984375
text	txz	append	load5_before	4.35498046875
text	txz	append	load15_before	5.22216796875
text	txz	append	base_ms	1952.51775
text	txz	append	full_ms	1947.597291
text	txz	append	splice_ms	31.101542
text	txz	append	load1_after	4.0654296875
text	txz	append	load5_after	4.1982421875
text	txz	append	load15_after	5.1396484375
text	tgz	rename-same	load1_before	4.0654296875
text	tgz	rename-same	load5_before	4.1982421875
text	tgz	rename-same	load15_before	5.1396484375
text	tgz	rename-same	base_ms	406.141292
text	tgz	rename-same	full_ms	405.339167
text	tgz	rename-same	splice_ms	31.917959
text	tgz	rename-same	load1_after	3.81982421875
text	tgz	rename-same	load5_after	4.14501953125
text	tgz	rename-same	load15_after	5.115234375
text	tbz	rename-same	load1_before	3.81982421875
text	tbz	rename-same	load5_before	4.14501953125
text	tbz	rename-same	load15_before	5.115234375
text	tbz	rename-same	base_ms	878.223834
text	tbz	rename-same	full_ms	878.7335
text	tbz	rename-same	splice_ms	103.674417
text	tbz	rename-same	load1_after	4.314453125
text	tbz	rename-same	load5_after	4.2392578125
text	tbz	rename-same	load15_after	5.13671875
text	txz	rename-same	load1_before	4.314453125
text	txz	rename-same	load5_before	4.2392578125
text	txz	rename-same	load15_before	5.13671875
text	txz	rename-same	base_ms	1952.012792
text	txz	rename-same	full_ms	1940.673458
text	txz	rename-same	splice_ms	144.421708
text	txz	rename-same	load1_after	3.3857421875
text	txz	rename-same	load5_after	4.02587890625
text	txz	rename-same	load15_after	5.033203125
text	tgz	rename-diff	load1_before	3.3857421875
text	tgz	rename-diff	load5_before	4.02587890625
text	tgz	rename-diff	load15_before	5.033203125
text	tgz	rename-diff	base_ms	405.452541
text	tgz	rename-diff	full_ms	406.035
text	tgz	rename-diff	splice_ms	32.212375
text	tgz	rename-diff	load1_after	3.1943359375
text	tgz	rename-diff	load5_after	3.9755859375
text	tgz	rename-diff	load15_after	5.00927734375
text	tbz	rename-diff	load1_before	3.1943359375
text	tbz	rename-diff	load5_before	3.9755859375
text	tbz	rename-diff	load15_before	5.00927734375
text	tbz	rename-diff	base_ms	876.602375
text	tbz	rename-diff	full_ms	894.119
text	tbz	rename-diff	splice_ms	103.236542
text	tbz	rename-diff	load1_after	3.98681640625
text	tbz	rename-diff	load5_after	4.107421875
text	tbz	rename-diff	load15_after	5.03759765625
text	txz	rename-diff	load1_before	3.98681640625
text	txz	rename-diff	load5_before	4.107421875
text	txz	rename-diff	load15_before	5.03759765625
text	txz	rename-diff	base_ms	1948.061459
text	txz	rename-diff	full_ms	1942.386125
text	txz	rename-diff	splice_ms	144.076666
text	txz	rename-diff	load1_after	3.9375
text	txz	rename-diff	load5_after	4.06982421875
text	txz	rename-diff	load15_after	4.9951171875
strgz	tgz	append	load1_before	3.9375
strgz	tgz	append	load5_before	4.06982421875
strgz	tgz	append	load15_before	4.9951171875
strgz	tgz	append	base_ms	1.453042
strgz	tgz	append	full_ms	2.139958
strgz	tgz	append	splice_ms	2.331208
strgz	tgz	append	load1_after	3.9375
strgz	tgz	append	load5_after	4.06982421875
strgz	tgz	append	load15_after	4.9951171875
strgz	tbz	append	load1_before	3.9375
strgz	tbz	append	load5_before	4.06982421875
strgz	tbz	append	load15_before	4.9951171875
strgz	tbz	append	base_ms	21.897917
strgz	tbz	append	full_ms	113.699042
strgz	tbz	append	splice_ms	114.780584
strgz	tbz	append	load1_after	3.9375
strgz	tbz	append	load5_after	4.06982421875
strgz	tbz	append	load15_after	4.9951171875
strgz	txz	append	load1_before	3.9375
strgz	txz	append	load5_before	4.06982421875
strgz	txz	append	load15_before	4.9951171875
strgz	txz	append	base_ms	10.743125
strgz	txz	append	full_ms	14.167375
strgz	txz	append	splice_ms	14.273417
strgz	txz	append	load1_after	3.9375
strgz	txz	append	load5_after	4.06982421875
strgz	txz	append	load15_after	4.9951171875
strbz	tgz	append	load1_before	3.9375
strbz	tgz	append	load5_before	4.06982421875
strbz	tgz	append	load15_before	4.9951171875
strbz	tgz	append	base_ms	6.462166
strbz	tgz	append	full_ms	7.064458
strbz	tgz	append	splice_ms	1.58975
strbz	tgz	append	load1_after	3.9375
strbz	tgz	append	load5_after	4.06982421875
strbz	tgz	append	load15_after	4.9951171875
strbz	tbz	append	load1_before	3.9375
strbz	tbz	append	load5_before	4.06982421875
strbz	tbz	append	load15_before	4.9951171875
strbz	tbz	append	base_ms	92.494042
strbz	tbz	append	full_ms	96.892
strbz	tbz	append	splice_ms	187.417542
strbz	tbz	append	load1_after	3.9375
strbz	tbz	append	load5_after	4.06982421875
strbz	tbz	append	load15_after	4.9951171875
strbz	txz	append	load1_before	3.9375
strbz	txz	append	load5_before	4.06982421875
strbz	txz	append	load15_before	4.9951171875
strbz	txz	append	base_ms	37.28475
strbz	txz	append	full_ms	40.967625
strbz	txz	append	splice_ms	41.023875
strbz	txz	append	load1_after	3.9375
strbz	txz	append	load5_after	4.06982421875
strbz	txz	append	load15_after	4.9951171875
strxz	tgz	append	load1_before	3.9375
strxz	tgz	append	load5_before	4.06982421875
strxz	tgz	append	load15_before	4.9951171875
strxz	tgz	append	base_ms	24.447416
strxz	tgz	append	full_ms	25.094167
strxz	tgz	append	splice_ms	3.7825
strxz	tgz	append	load1_after	3.7021484375
strxz	tgz	append	load5_after	4.0185546875
strxz	tgz	append	load15_after	4.9716796875
strxz	tbz	append	load1_before	3.7021484375
strxz	tbz	append	load5_before	4.0185546875
strxz	tbz	append	load15_before	4.9716796875
strxz	tbz	append	base_ms	104.270667
strxz	tbz	append	full_ms	115.157083
strxz	tbz	append	splice_ms	162.876667
strxz	tbz	append	load1_after	3.7021484375
strxz	tbz	append	load5_after	4.0185546875
strxz	tbz	append	load15_after	4.9716796875
strxz	txz	append	load1_before	3.7021484375
strxz	txz	append	load5_before	4.0185546875
strxz	txz	append	load15_before	4.9716796875
strxz	txz	append	base_ms	120.170292
strxz	txz	append	full_ms	125.928292
strxz	txz	append	splice_ms	125.851292
strxz	txz	append	load1_after	3.7021484375
strxz	txz	append	load5_after	4.0185546875
strxz	txz	append	load15_after	4.9716796875
mixed	tgz	append	load1_before	3.7021484375
mixed	tgz	append	load5_before	4.0185546875
mixed	tgz	append	load15_before	4.9716796875
mixed	tgz	append	base_ms	825.690667
mixed	tgz	append	full_ms	828.037292
mixed	tgz	append	splice_ms	246.562084
mixed	tgz	append	load1_after	3.26318359375
mixed	tgz	append	load5_after	3.9033203125
mixed	tgz	append	load15_after	4.9130859375
mixed	tbz	append	load1_before	3.26318359375
mixed	tbz	append	load5_before	3.9033203125
mixed	tbz	append	load15_before	4.9130859375
mixed	tbz	append	base_ms	1553.940833
mixed	tbz	append	full_ms	1570.552166
mixed	tbz	append	splice_ms	334.449083
mixed	tbz	append	load1_after	4.599609375
mixed	tbz	append	load5_after	4.16748046875
mixed	tbz	append	load15_after	4.98388671875
mixed	txz	append	load1_before	4.599609375
mixed	txz	append	load5_before	4.16748046875
mixed	txz	append	load15_before	4.98388671875
mixed	txz	append	base_ms	3348.18275
mixed	txz	append	full_ms	3342.929833
mixed	txz	append	splice_ms	282.908292
mixed	txz	append	load1_after	4.20947265625
mixed	txz	append	load5_after	4.17578125
mixed	txz	append	load15_after	4.94677734375
mixed	tgz	delete-mid	load1_before	4.20947265625
mixed	tgz	delete-mid	load5_before	4.17578125
mixed	tgz	delete-mid	load15_before	4.94677734375
mixed	tgz	delete-mid	base_ms	834.089459
mixed	tgz	delete-mid	full_ms	831.11325
mixed	tgz	delete-mid	splice_ms	248.054875
mixed	tgz	delete-mid	load1_after	3.94287109375
mixed	tgz	delete-mid	load5_after	4.1201171875
mixed	tgz	delete-mid	load15_after	4.91748046875
mixed	tbz	delete-mid	load1_before	3.94287109375
mixed	tbz	delete-mid	load5_before	4.1201171875
mixed	tbz	delete-mid	load15_before	4.91748046875
mixed	tbz	delete-mid	base_ms	1551.248
mixed	tbz	delete-mid	full_ms	1555.441375
mixed	tbz	delete-mid	splice_ms	279.9265
mixed	tbz	delete-mid	load1_after	4.5341796875
mixed	tbz	delete-mid	load5_after	4.251953125
mixed	tbz	delete-mid	load15_after	4.94091796875
mixed	txz	delete-mid	load1_before	4.5341796875
mixed	txz	delete-mid	load5_before	4.251953125
mixed	txz	delete-mid	load15_before	4.94091796875
mixed	txz	delete-mid	base_ms	3295.594167
mixed	txz	delete-mid	full_ms	3288.872584
mixed	txz	delete-mid	splice_ms	337.181417
mixed	txz	delete-mid	load1_after	3.24609375
mixed	txz	delete-mid	load5_after	3.96533203125
mixed	txz	delete-mid	load15_after	4.80322265625
mixed	tgz	delete-big	load1_before	3.24609375
mixed	tgz	delete-big	load5_before	3.96533203125
mixed	tgz	delete-big	load15_before	4.80322265625
mixed	tgz	delete-big	base_ms	832.836042
mixed	tgz	delete-big	full_ms	823.445042
mixed	tgz	delete-big	splice_ms	245.4455
mixed	tgz	delete-big	load1_after	2.95703125
mixed	tgz	delete-big	load5_after	3.86767578125
mixed	tgz	delete-big	load15_after	4.75341796875
mixed	tbz	delete-big	load1_before	2.95703125
mixed	tbz	delete-big	load5_before	3.86767578125
mixed	tbz	delete-big	load15_before	4.75341796875
mixed	tbz	delete-big	base_ms	1537.117875
mixed	tbz	delete-big	full_ms	1461.915792
mixed	tbz	delete-big	splice_ms	223.095375
mixed	tbz	delete-big	load1_after	4.07666015625
mixed	tbz	delete-big	load5_after	4.0810546875
mixed	tbz	delete-big	load15_after	4.81005859375
mixed	txz	delete-big	load1_before	4.07666015625
mixed	txz	delete-big	load5_before	4.0810546875
mixed	txz	delete-big	load15_before	4.81005859375
mixed	txz	delete-big	base_ms	3290.248292
mixed	txz	delete-big	full_ms	3259.869417
mixed	txz	delete-big	splice_ms	318.645625
mixed	txz	delete-big	load1_after	3.294921875
mixed	txz	delete-big	load5_after	3.86767578125
mixed	txz	delete-big	load15_after	4.69677734375
mixed	tgz	delete-huge	load1_before	3.294921875
mixed	tgz	delete-huge	load5_before	3.86767578125
mixed	tgz	delete-huge	load15_before	4.69677734375
mixed	tgz	delete-huge	base_ms	827.387667
mixed	tgz	delete-huge	full_ms	429.325041
mixed	tgz	delete-huge	splice_ms	216.338917
mixed	tgz	delete-huge	load1_after	3.39013671875
mixed	tgz	delete-huge	load5_after	3.87109375
mixed	tgz	delete-huge	load15_after	4.68798828125
mixed	tbz	delete-huge	load1_before	3.39013671875
mixed	tbz	delete-huge	load5_before	3.87109375
mixed	tbz	delete-huge	load15_before	4.68798828125
mixed	tbz	delete-huge	base_ms	1551.9555
mixed	tbz	delete-huge	full_ms	805.209042
mixed	tbz	delete-huge	splice_ms	348.17
mixed	tbz	delete-huge	load1_after	4.072265625
mixed	tbz	delete-huge	load5_after	3.9921875
mixed	tbz	delete-huge	load15_after	4.7158203125
mixed	txz	delete-huge	load1_before	4.072265625
mixed	txz	delete-huge	load5_before	3.9921875
mixed	txz	delete-huge	load15_before	4.7158203125
mixed	txz	delete-huge	base_ms	3284.058125
mixed	txz	delete-huge	full_ms	1343.594041
mixed	txz	delete-huge	splice_ms	272.581875
mixed	txz	delete-huge	load1_after	3.14599609375
mixed	txz	delete-huge	load5_after	3.76953125
mixed	txz	delete-huge	load15_after	4.60888671875
mixed	tgz	rename-same	load1_before	3.14599609375
mixed	tgz	rename-same	load5_before	3.76953125
mixed	tgz	rename-same	load15_before	4.60888671875
mixed	tgz	rename-same	base_ms	828.588625
mixed	tgz	rename-same	full_ms	827.725416
mixed	tgz	rename-same	splice_ms	245.2105
mixed	tgz	rename-same	load1_after	2.744140625
mixed	tgz	rename-same	load5_after	3.6494140625
mixed	tgz	rename-same	load15_after	4.55078125
mixed	tbz	rename-same	load1_before	2.744140625
mixed	tbz	rename-same	load5_before	3.6494140625
mixed	tbz	rename-same	load15_before	4.55078125
mixed	tbz	rename-same	base_ms	1564.7455
mixed	tbz	rename-same	full_ms	1545.615041
mixed	tbz	rename-same	splice_ms	278.715041
mixed	tbz	rename-same	load1_after	6.14306640625
mixed	tbz	rename-same	load5_after	4.31494140625
mixed	tbz	rename-same	load15_after	4.76513671875
mixed	txz	rename-same	load1_before	6.14306640625
mixed	txz	rename-same	load5_before	4.31494140625
mixed	txz	rename-same	load15_before	4.76513671875
mixed	txz	rename-same	base_ms	3287.135542
mixed	txz	rename-same	full_ms	3266.243416
mixed	txz	rename-same	splice_ms	334.945292
mixed	txz	rename-same	load1_after	3.92822265625
mixed	txz	rename-same	load5_after	3.98779296875
mixed	txz	rename-same	load15_after	4.6240234375
mixed	tgz	rename-diff	load1_before	3.92822265625
mixed	tgz	rename-diff	load5_before	3.98779296875
mixed	tgz	rename-diff	load15_before	4.6240234375
mixed	tgz	rename-diff	base_ms	829.2455
mixed	tgz	rename-diff	full_ms	828.172417
mixed	tgz	rename-diff	splice_ms	247.104167
mixed	tgz	rename-diff	load1_after	3.4326171875
mixed	tgz	rename-diff	load5_after	3.8740234375
mixed	tgz	rename-diff	load15_after	4.5712890625
mixed	tbz	rename-diff	load1_before	3.4326171875
mixed	tbz	rename-diff	load5_before	3.8740234375
mixed	tbz	rename-diff	load15_before	4.5712890625
mixed	tbz	rename-diff	base_ms	1558.1
mixed	tbz	rename-diff	full_ms	1534.830209
mixed	tbz	rename-diff	splice_ms	280.010125
mixed	tbz	rename-diff	load1_after	4.0419921875
mixed	tbz	rename-diff	load5_after	3.9794921875
mixed	tbz	rename-diff	load15_after	4.59228515625
mixed	txz	rename-diff	load1_before	4.0419921875
mixed	txz	rename-diff	load5_before	3.9794921875
mixed	txz	rename-diff	load15_before	4.59228515625
mixed	txz	rename-diff	base_ms	3287.719209
mixed	txz	rename-diff	full_ms	3263.941208
mixed	txz	rename-diff	splice_ms	335.605792
mixed	txz	rename-diff	load1_after	2.97998046875
mixed	txz	rename-diff	load5_after	3.7138671875
mixed	txz	rename-diff	load15_after	4.4658203125
headers-rename-diff	tgz	chain-delete	load1_before	2.97998046875
headers-rename-diff	tgz	chain-delete	load5_before	3.7138671875
headers-rename-diff	tgz	chain-delete	load15_before	4.4658203125
headers-rename-diff	tgz	chain-delete	base_ms	35.148375
headers-rename-diff	tgz	chain-delete	full_ms	35.167041
headers-rename-diff	tgz	chain-delete	splice_ms	17.168375
headers-rename-diff	tgz	chain-delete	load1_after	2.9814453125
headers-rename-diff	tgz	chain-delete	load5_after	3.70166015625
headers-rename-diff	tgz	chain-delete	load15_after	4.45703125
headers-rename-diff	tgz	chain-append	load1_before	2.9814453125
headers-rename-diff	tgz	chain-append	load5_before	3.70166015625
headers-rename-diff	tgz	chain-append	load15_before	4.45703125
headers-rename-diff	tgz	chain-append	base_ms	35.292333
headers-rename-diff	tgz	chain-append	full_ms	35.127
headers-rename-diff	tgz	chain-append	splice_ms	16.301917
headers-rename-diff	tgz	chain-append	load1_after	2.9814453125
headers-rename-diff	tgz	chain-append	load5_after	3.70166015625
headers-rename-diff	tgz	chain-append	load15_after	4.45703125
headers-rename-diff	tbz	chain-delete	load1_before	2.9814453125
headers-rename-diff	tbz	chain-delete	load5_before	3.70166015625
headers-rename-diff	tbz	chain-delete	load15_before	4.45703125
headers-rename-diff	tbz	chain-delete	base_ms	107.548166
headers-rename-diff	tbz	chain-delete	full_ms	107.646041
headers-rename-diff	tbz	chain-delete	splice_ms	59.219792
headers-rename-diff	tbz	chain-delete	load1_after	2.9814453125
headers-rename-diff	tbz	chain-delete	load5_after	3.70166015625
headers-rename-diff	tbz	chain-delete	load15_after	4.45703125
headers-rename-diff	tbz	chain-append	load1_before	2.9814453125
headers-rename-diff	tbz	chain-append	load5_before	3.70166015625
headers-rename-diff	tbz	chain-append	load15_before	4.45703125
headers-rename-diff	tbz	chain-append	base_ms	106.7525
headers-rename-diff	tbz	chain-append	full_ms	106.829125
headers-rename-diff	tbz	chain-append	splice_ms	23.979209
headers-rename-diff	tbz	chain-append	load1_after	2.9814453125
headers-rename-diff	tbz	chain-append	load5_after	3.70166015625
headers-rename-diff	tbz	chain-append	load15_after	4.45703125
headers-rename-diff	txz	chain-delete	load1_before	2.9814453125
headers-rename-diff	txz	chain-delete	load5_before	3.70166015625
headers-rename-diff	txz	chain-delete	load15_before	4.45703125
headers-rename-diff	txz	chain-delete	base_ms	136.154084
headers-rename-diff	txz	chain-delete	full_ms	136.273209
headers-rename-diff	txz	chain-delete	splice_ms	74.472125
headers-rename-diff	txz	chain-delete	load1_after	2.90283203125
headers-rename-diff	txz	chain-delete	load5_after	3.67333984375
headers-rename-diff	txz	chain-delete	load15_after	4.4423828125
headers-rename-diff	txz	chain-append	load1_before	2.90283203125
headers-rename-diff	txz	chain-append	load5_before	3.67333984375
headers-rename-diff	txz	chain-append	load15_before	4.4423828125
headers-rename-diff	txz	chain-append	base_ms	135.160125
headers-rename-diff	txz	chain-append	full_ms	136.275708
headers-rename-diff	txz	chain-append	splice_ms	31.43875
headers-rename-diff	txz	chain-append	load1_after	2.90283203125
headers-rename-diff	txz	chain-append	load5_after	3.67333984375
headers-rename-diff	txz	chain-append	load15_after	4.4423828125
mixed-delete-mid	tgz	chain-delete	load1_before	2.90283203125
mixed-delete-mid	tgz	chain-delete	load5_before	3.67333984375
mixed-delete-mid	tgz	chain-delete	load15_before	4.4423828125
mixed-delete-mid	tgz	chain-delete	base_ms	830.241083
mixed-delete-mid	tgz	chain-delete	full_ms	829.050542
mixed-delete-mid	tgz	chain-delete	splice_ms	248.610084
mixed-delete-mid	tgz	chain-delete	load1_after	2.5478515625
mixed-delete-mid	tgz	chain-delete	load5_after	3.55810546875
mixed-delete-mid	tgz	chain-delete	load15_after	4.38720703125
mixed-delete-mid	tgz	chain-append	load1_before	2.5478515625
mixed-delete-mid	tgz	chain-append	load5_before	3.55810546875
mixed-delete-mid	tgz	chain-append	load15_before	4.38720703125
mixed-delete-mid	tgz	chain-append	base_ms	828.072875
mixed-delete-mid	tgz	chain-append	full_ms	823.511667
mixed-delete-mid	tgz	chain-append	splice_ms	245.801125
mixed-delete-mid	tgz	chain-append	load1_after	2.3896484375
mixed-delete-mid	tgz	chain-append	load5_after	3.490234375
mixed-delete-mid	tgz	chain-append	load15_after	4.35302734375
mixed-delete-mid	tbz	chain-delete	load1_before	2.3896484375
mixed-delete-mid	tbz	chain-delete	load5_before	3.490234375
mixed-delete-mid	tbz	chain-delete	load15_before	4.35302734375
mixed-delete-mid	tbz	chain-delete	base_ms	1559.99625
mixed-delete-mid	tbz	chain-delete	full_ms	1541.389625
mixed-delete-mid	tbz	chain-delete	splice_ms	281.128083
mixed-delete-mid	tbz	chain-delete	load1_after	4.1240234375
mixed-delete-mid	tbz	chain-delete	load5_after	3.81396484375
mixed-delete-mid	tbz	chain-delete	load15_after	4.4482421875
mixed-delete-mid	tbz	chain-append	load1_before	4.1240234375
mixed-delete-mid	tbz	chain-append	load5_before	3.81396484375
mixed-delete-mid	tbz	chain-append	load15_before	4.4482421875
mixed-delete-mid	tbz	chain-append	base_ms	1537.326958
mixed-delete-mid	tbz	chain-append	full_ms	1570.02975
mixed-delete-mid	tbz	chain-append	splice_ms	238.048667
mixed-delete-mid	tbz	chain-append	load1_after	4.7392578125
mixed-delete-mid	tbz	chain-append	load5_after	3.97119140625
mixed-delete-mid	tbz	chain-append	load15_after	4.4892578125
mixed-delete-mid	txz	chain-delete	load1_before	4.7392578125
mixed-delete-mid	txz	chain-delete	load5_before	3.97119140625
mixed-delete-mid	txz	chain-delete	load15_before	4.4892578125
mixed-delete-mid	txz	chain-delete	base_ms	3297.213792
mixed-delete-mid	txz	chain-delete	full_ms	3284.549708
mixed-delete-mid	txz	chain-delete	splice_ms	337.186333
mixed-delete-mid	txz	chain-delete	load1_after	3.71728515625
mixed-delete-mid	txz	chain-delete	load5_after	3.75244140625
mixed-delete-mid	txz	chain-delete	load15_after	4.3779296875
mixed-delete-mid	txz	chain-append	load1_before	3.71728515625
mixed-delete-mid	txz	chain-append	load5_before	3.75244140625
mixed-delete-mid	txz	chain-append	load15_before	4.3779296875
mixed-delete-mid	txz	chain-append	base_ms	3335.617333
mixed-delete-mid	txz	chain-append	full_ms	3273.840791
mixed-delete-mid	txz	chain-append	splice_ms	276.718125
mixed-delete-mid	txz	chain-append	load1_after	3.0
mixed-delete-mid	txz	chain-append	load5_after	3.56201171875
mixed-delete-mid	txz	chain-append	load15_after	4.2783203125
