archive	mode	open_ms	extract_ms	load_before	load_after	uptime_before	uptime_after	returncode	timestamp
text.tgz	base	381.716	19.948	13.38,11.44,9.67	12.95,11.38,9.66	22:09  4 users, load averages: 13.38 11.44 9.67	22:09  4 users, load averages: 12.95 11.38 9.66	0	2026-09-25T22:09:26.941693
text.tgz	off	385.895	20.157	12.95,11.38,9.66	12.95,11.38,9.66	22:09  4 users, load averages: 12.95 11.38 9.66	22:09  4 users, load averages: 12.95 11.38 9.66	0	2026-09-25T22:09:29.272963
text.tgz	on	431.707	19.990	12.95,11.38,9.66	12.23,11.26,9.63	22:09  4 users, load averages: 12.95 11.38 9.66	22:09  4 users, load averages: 12.23 11.26 9.63	0	2026-09-25T22:09:31.576490
text.tbz	base	6058.528	29.786	12.23,11.26,9.63	9.07,10.59,9.44	22:09  4 users, load averages: 12.23 11.26 9.63	22:10  4 users, load averages: 9.07 10.59 9.44	0	2026-09-25T22:09:33.879165
text.tbz	off	844.841	26.390	9.07,10.59,9.44	9.22,10.60,9.45	22:10  4 users, load averages: 9.07 10.59 9.44	22:10  4 users, load averages: 9.22 10.60 9.45	0	2026-09-25T22:10:04.739311
text.tbz	on	860.854	21.919	9.22,10.60,9.45	9.36,10.61,9.46	22:10  4 users, load averages: 9.22 10.60 9.45	22:10  4 users, load averages: 9.36 10.61 9.46	0	2026-09-25T22:10:09.125700
text.txz	base	2044.987	19.907	9.36,10.61,9.46	8.23,10.32,9.37	22:10  4 users, load averages: 9.36 10.61 9.46	22:10  4 users, load averages: 8.23 10.32 9.37	0	2026-09-25T22:10:13.562049
text.txz	off	2034.509	20.250	8.23,10.32,9.37	7.43,10.08,9.30	22:10  4 users, load averages: 8.23 10.32 9.37	22:10  4 users, load averages: 7.43 10.08 9.30	0	2026-09-25T22:10:23.996291
text.txz	on	2027.623	20.613	7.43,10.08,9.30	6.68,9.83,9.22	22:10  4 users, load averages: 7.43 10.08 9.30	22:10  4 users, load averages: 6.68 9.83 9.22	0	2026-09-25T22:10:34.315177
text.tar	base	0.132	20.009	6.68,9.83,9.22	6.68,9.83,9.22	22:10  4 users, load averages: 6.68 9.83 9.22	22:10  4 users, load averages: 6.68 9.83 9.22	0	2026-09-25T22:10:44.611518
text.tar	off	0.130	19.921	6.68,9.83,9.22	6.68,9.83,9.22	22:10  4 users, load averages: 6.68 9.83 9.22	22:10  4 users, load averages: 6.68 9.83 9.22	0	2026-09-25T22:10:44.749475
text.tar	on	0.136	19.909	6.68,9.83,9.22	6.68,9.83,9.22	22:10  4 users, load averages: 6.68 9.83 9.22	22:10  4 users, load averages: 6.68 9.83 9.22	0	2026-09-25T22:10:44.874356
small.tgz	base	388.423	56.548	6.68,9.83,9.22	6.68,9.83,9.22	22:10  4 users, load averages: 6.68 9.83 9.22	22:10  4 users, load averages: 6.68 9.83 9.22	0	2026-09-25T22:10:45.000776
small.tgz	off	388.871	56.771	6.68,9.83,9.22	6.30,9.70,9.18	22:10  4 users, load averages: 6.68 9.83 9.22	22:10  4 users, load averages: 6.30 9.70 9.18	0	2026-09-25T22:10:47.279098
small.tgz	on	391.730	56.414	6.30,9.70,9.18	6.30,9.70,9.18	22:10  4 users, load averages: 6.30 9.70 9.18	22:10  4 users, load averages: 6.30 9.70 9.18	0	2026-09-25T22:10:49.580194
small.tbz	base	2941.132	53.409	6.30,9.70,9.18	6.32,9.55,9.13	22:10  4 users, load averages: 6.30 9.70 9.18	22:11  4 users, load averages: 6.32 9.55 9.13	0	2026-09-25T22:10:51.885644
small.tbz	off	608.792	53.696	6.32,9.55,9.13	6.62,9.56,9.14	22:11  4 users, load averages: 6.32 9.55 9.13	22:11  4 users, load averages: 6.62 9.56 9.14	0	2026-09-25T22:11:06.990597
small.tbz	on	615.606	56.280	6.62,9.56,9.14	6.41,9.46,9.11	22:11  4 users, load averages: 6.62 9.56 9.14	22:11  4 users, load averages: 6.41 9.46 9.11	0	2026-09-25T22:11:10.363416
small.txz	base	1204.714	54.646	6.41,9.46,9.11	6.13,9.36,9.07	22:11  4 users, load averages: 6.41 9.46 9.11	22:11  4 users, load averages: 6.13 9.36 9.07	0	2026-09-25T22:11:13.780196
small.txz	off	1213.725	55.682	6.13,9.36,9.07	5.80,9.23,9.03	22:11  4 users, load averages: 6.13 9.36 9.07	22:11  4 users, load averages: 5.80 9.23 9.03	0	2026-09-25T22:11:20.198707
small.txz	on	1220.970	54.597	5.80,9.23,9.03	6.02,9.16,9.00	22:11  4 users, load averages: 5.80 9.23 9.03	22:11  4 users, load averages: 6.02 9.16 9.00	0	2026-09-25T22:11:26.593150
small.tar	base	177.067	54.649	6.02,9.16,9.00	6.02,9.16,9.00	22:11  4 users, load averages: 6.02 9.16 9.00	22:11  4 users, load averages: 6.02 9.16 9.00	0	2026-09-25T22:11:33.083416
small.tar	off	176.767	54.318	6.02,9.16,9.00	6.02,9.16,9.00	22:11  4 users, load averages: 6.02 9.16 9.00	22:11  4 users, load averages: 6.02 9.16 9.00	0	2026-09-25T22:11:34.460882
small.tar	on	174.210	54.200	6.02,9.16,9.00	6.02,9.16,9.00	22:11  4 users, load averages: 6.02 9.16 9.00	22:11  4 users, load averages: 6.02 9.16 9.00	0	2026-09-25T22:11:35.667448
mixed.tgz	base	782.758	97.754	6.02,9.16,9.00	6.18,9.14,9.00	22:11  4 users, load averages: 6.02 9.16 9.00	22:11  4 users, load averages: 6.18 9.14 9.00	0	2026-09-25T22:11:36.865785
mixed.tgz	off	923.689	100.422	6.18,9.14,9.00	7.93,9.45,9.11	22:11  4 users, load averages: 6.18 9.14 9.00	22:11  4 users, load averages: 7.93 9.45 9.11	0	2026-09-25T22:11:41.754284
mixed.tgz	on	850.823	95.263	7.93,9.45,9.11	7.93,9.43,9.10	22:11  4 users, load averages: 7.93 9.45 9.11	22:11  4 users, load averages: 7.93 9.43 9.10	0	2026-09-25T22:11:46.784532
mixed.tbz	base	10505.424	96.778	7.93,9.43,9.10	8.60,9.37,9.10	22:11  4 users, load averages: 7.93 9.43 9.10	22:12  4 users, load averages: 8.60 9.37 9.10	0	2026-09-25T22:11:51.592596
mixed.tbz	off	1624.245	96.638	8.60,9.37,9.10	8.71,9.37,9.10	22:12  4 users, load averages: 8.60 9.37 9.10	22:12  4 users, load averages: 8.71 9.37 9.10	0	2026-09-25T22:12:45.794216
mixed.tbz	on	1553.930	93.923	8.71,9.37,9.10	8.06,9.21,9.05	22:12  4 users, load averages: 8.71 9.37 9.10	22:13  4 users, load averages: 8.06 9.21 9.05	0	2026-09-25T22:12:54.672752
mixed.txz	base	3406.758	94.589	8.06,9.21,9.05	7.30,8.99,8.97	22:13  4 users, load averages: 8.06 9.21 9.05	22:13  4 users, load averages: 7.30 8.99 8.97	0	2026-09-25T22:13:03.118630
mixed.txz	off	3368.926	94.500	7.30,8.99,8.97	6.83,8.76,8.89	22:13  4 users, load averages: 7.30 8.99 8.97	22:13  4 users, load averages: 6.83 8.76 8.89	0	2026-09-25T22:13:20.857231
mixed.txz	on	3401.501	94.202	6.83,8.76,8.89	6.56,8.61,8.83	22:13  4 users, load averages: 6.83 8.76 8.89	22:13  4 users, load averages: 6.56 8.61 8.83	0	2026-09-25T22:13:38.251724
mixed.tar	base	196.359	93.707	6.56,8.61,8.83	6.56,8.61,8.83	22:13  4 users, load averages: 6.56 8.61 8.83	22:13  4 users, load averages: 6.56 8.61 8.83	0	2026-09-25T22:13:55.758156
mixed.tar	off	191.164	93.247	6.56,8.61,8.83	6.35,8.53,8.80	22:13  4 users, load averages: 6.56 8.61 8.83	22:13  4 users, load averages: 6.35 8.53 8.80	0	2026-09-25T22:13:57.457779
mixed.tar	on	195.913	92.467	6.35,8.53,8.80	6.35,8.53,8.80	22:13  4 users, load averages: 6.35 8.53 8.80	22:14  4 users, load averages: 6.35 8.53 8.80	0	2026-09-25T22:13:58.924463
k500.tar	base	1810.708	356.148	6.35,8.53,8.80	5.90,8.37,8.74	22:14  4 users, load averages: 6.35 8.53 8.80	22:14  4 users, load averages: 5.90 8.37 8.74	0	2026-09-25T22:14:00.402429
k500.tar	off	1804.345	359.715	5.90,8.37,8.74	5.76,8.26,8.70	22:14  4 users, load averages: 5.90 8.37 8.74	22:14  4 users, load averages: 5.76 8.26 8.70	0	2026-09-25T22:14:11.431993
k500.tar	on	1818.985	366.706	5.76,8.26,8.70	5.81,8.15,8.65	22:14  4 users, load averages: 5.76 8.26 8.70	22:14  4 users, load averages: 5.81 8.15 8.65	0	2026-09-25T22:14:22.486759
k500.tgz	base	1939.164	358.372	5.81,8.15,8.65	5.84,8.07,8.62	22:14  4 users, load averages: 5.81 8.15 8.65	22:14  4 users, load averages: 5.84 8.07 8.62	0	2026-09-25T22:14:33.659471
k500.tgz	off	1917.763	360.997	5.84,8.07,8.62	5.86,8.01,8.59	22:14  4 users, load averages: 5.84 8.07 8.62	22:14  4 users, load averages: 5.86 8.01 8.59	0	2026-09-25T22:14:45.427582
k500.tgz	on	1923.194	359.331	5.86,8.01,8.59	5.74,7.87,8.53	22:14  4 users, load averages: 5.86 8.01 8.59	22:15  4 users, load averages: 5.74 7.87 8.53	0	2026-09-25T22:14:57.104441
