phase	corpus	variant	run	metric	value
k4-gate	zip500k.zip	k3	0	lazy_open_ms	288.709084
k4-gate	zip500k.zip	k3	0	lazy_open_reads	7
k4-gate	zip500k.zip	k3	0	lazy_open_bytes	49843873
k4-gate	zip500k.zip	k3	0	lazy_open_local_reads	2
k4-gate	zip500k.zip	k3	0	lazy_open_local_bytes	1024
k4-gate	zip500k.zip	k3	0	lazy_open_samples_ms	300.375083,296.822667,297.381291,289.038917,290.378417,289.510375,287.168042,288.709084,287.375667,286.323375,288.983541,280.600042,280.18675,278.66025,280.716416
k4-gate	zip500k.zip	k4a	1	lazy_open_ms	219.668708
k4-gate	zip500k.zip	k4a	1	lazy_open_reads	7
k4-gate	zip500k.zip	k4a	1	lazy_open_bytes	49843873
k4-gate	zip500k.zip	k4a	1	lazy_open_local_reads	2
k4-gate	zip500k.zip	k4a	1	lazy_open_local_bytes	1024
k4-gate	zip500k.zip	k4a	1	lazy_open_samples_ms	232.624041,239.27075,229.866083,226.931333,217.298208,222.781958,218.130667,219.668708,213.914583,227.292375,217.427708,215.649,213.054625,219.465583,221.159875
k4-gate	zip500k.zip	k4b	2	lazy_open_ms	220.405666
k4-gate	zip500k.zip	k4b	2	lazy_open_reads	7
k4-gate	zip500k.zip	k4b	2	lazy_open_bytes	49843873
k4-gate	zip500k.zip	k4b	2	lazy_open_local_reads	2
k4-gate	zip500k.zip	k4b	2	lazy_open_local_bytes	1024
k4-gate	zip500k.zip	k4b	2	lazy_open_samples_ms	240.66875,227.399834,225.7105,216.706417,220.448542,218.929917,214.771042,216.810417,220.405666,220.813625,224.428875,225.988334,220.045458,220.048625,219.832583
k4-gate	zip500k.zip	k4a	3	lazy_open_ms	221.563125
k4-gate	zip500k.zip	k4a	3	lazy_open_reads	7
k4-gate	zip500k.zip	k4a	3	lazy_open_bytes	49843873
k4-gate	zip500k.zip	k4a	3	lazy_open_local_reads	2
k4-gate	zip500k.zip	k4a	3	lazy_open_local_bytes	1024
k4-gate	zip500k.zip	k4a	3	lazy_open_samples_ms	235.500125,227.629417,226.740209,217.610667,227.060416,219.80975,224.069334,220.11525,213.749583,221.694375,221.116916,222.326916,219.871333,221.563125,221.213625
k4-gate	zip500k.zip	k3	4	lazy_open_ms	290.984833
k4-gate	zip500k.zip	k3	4	lazy_open_reads	7
k4-gate	zip500k.zip	k3	4	lazy_open_bytes	49843873
k4-gate	zip500k.zip	k3	4	lazy_open_local_reads	2
k4-gate	zip500k.zip	k3	4	lazy_open_local_bytes	1024
k4-gate	zip500k.zip	k3	4	lazy_open_samples_ms	304.710333,295.216417,297.46275,286.664084,288.562416,286.771417,289.863417,293.142042,293.886625,286.440334,298.273834,293.501792,288.911458,290.984833,286.408334
acceptance	zip500k.zip	baseline	0	lazy_open_ms	402.136917
acceptance	zip500k.zip	baseline	0	lazy_open_reads	7
acceptance	zip500k.zip	baseline	0	lazy_open_bytes	49843873
acceptance	zip500k.zip	baseline	0	lazy_open_local_reads	2
acceptance	zip500k.zip	baseline	0	lazy_open_local_bytes	1024
acceptance	zip500k.zip	baseline	0	lazy_open_samples_ms	423.364125,403.894667,402.136917,390.979584,388.981375
acceptance	zip500k.zip	baseline	0	eager_open_ms	571.540375
acceptance	zip500k.zip	baseline	0	eager_open_reads	500007
acceptance	zip500k.zip	baseline	0	eager_open_bytes	64843873
acceptance	zip500k.zip	baseline	0	eager_open_local_reads	500002
acceptance	zip500k.zip	baseline	0	eager_open_local_bytes	15001024
acceptance	zip500k.zip	baseline	0	eager_open_samples_ms	581.363333,572.8625,570.459417,571.540375,571.459166
acceptance	zip500k.zip	baseline	0	public_raw_ms	973.395833
acceptance	zip500k.zip	baseline	0	public_raw_reads	500000
acceptance	zip500k.zip	baseline	0	public_raw_bytes	15000000
acceptance	zip500k.zip	baseline	0	public_raw_local_reads	500000
acceptance	zip500k.zip	baseline	0	public_raw_local_bytes	15000000
acceptance	zip500k.zip	baseline	0	public_raw_samples_ms	969.303125,973.395833,975.697708,972.742334,978.362083
kaito-bench	zip500k.zip	baseline	0	reps	5
kaito-bench	zip500k.zip	baseline	0	open-median-ms	434.203
kaito-bench	zip500k.zip	baseline	0	extract-median-ms	1347.747
kaito-bench	zip500k.zip	baseline	0	bytes	14888890
acceptance	zip500k.zip	final	0	spi_raw_ms	136.584375
acceptance	zip500k.zip	final	0	spi_raw_reads	157
acceptance	zip500k.zip	final	0	spi_raw_bytes	40382843
acceptance	zip500k.zip	final	0	spi_raw_local_reads	157
acceptance	zip500k.zip	final	0	spi_raw_local_bytes	40382843
acceptance	zip500k.zip	final	0	spi_raw_samples_ms	135.0785,131.567458,139.307791,136.584375,136.600084
acceptance	zip500k.zip	final	0	lazy_open_ms	215.851334
acceptance	zip500k.zip	final	0	lazy_open_reads	7
acceptance	zip500k.zip	final	0	lazy_open_bytes	49843873
acceptance	zip500k.zip	final	0	lazy_open_local_reads	2
acceptance	zip500k.zip	final	0	lazy_open_local_bytes	1024
acceptance	zip500k.zip	final	0	lazy_open_samples_ms	216.2185,215.851334,220.584459,212.379708,211.207667
acceptance	zip500k.zip	final	0	eager_open_ms	252.70375
acceptance	zip500k.zip	final	0	eager_open_reads	164
acceptance	zip500k.zip	final	0	eager_open_bytes	90226716
acceptance	zip500k.zip	final	0	eager_open_local_reads	159
acceptance	zip500k.zip	final	0	eager_open_local_bytes	40383867
acceptance	zip500k.zip	final	0	eager_open_samples_ms	251.596583,252.70375,252.400667,256.500625,253.768166
acceptance	zip500k.zip	final	0	public_raw_ms	385.112208
acceptance	zip500k.zip	final	0	public_raw_reads	157
acceptance	zip500k.zip	final	0	public_raw_bytes	40382843
acceptance	zip500k.zip	final	0	public_raw_local_reads	157
acceptance	zip500k.zip	final	0	public_raw_local_bytes	40382843
acceptance	zip500k.zip	final	0	public_raw_samples_ms	389.096416,385.780125,380.32,384.841542,385.112208
kaito-bench	zip500k.zip	final	0	reps	5
kaito-bench	zip500k.zip	final	0	open-median-ms	246.340
kaito-bench	zip500k.zip	final	0	extract-median-ms	1161.015
kaito-bench	zip500k.zip	final	0	bytes	14888890
k4-gate	zip500k-ut.zip	k3	0	lazy_open_ms	368.557709
k4-gate	zip500k-ut.zip	k3	0	lazy_open_reads	7
k4-gate	zip500k-ut.zip	k3	0	lazy_open_bytes	56343873
k4-gate	zip500k-ut.zip	k3	0	lazy_open_local_reads	2
k4-gate	zip500k-ut.zip	k3	0	lazy_open_local_bytes	1024
k4-gate	zip500k-ut.zip	k3	0	lazy_open_samples_ms	396.686791,373.983,368.378875,366.8615,367.572208,371.829625,371.643375,368.557709,373.113292,371.14425,370.548916,352.532792,352.059542,364.260583,360.371042
k4-gate	zip500k-ut.zip	k4a	1	lazy_open_ms	295.995
k4-gate	zip500k-ut.zip	k4a	1	lazy_open_reads	7
k4-gate	zip500k-ut.zip	k4a	1	lazy_open_bytes	56343873
k4-gate	zip500k-ut.zip	k4a	1	lazy_open_local_reads	2
k4-gate	zip500k-ut.zip	k4a	1	lazy_open_local_bytes	1024
k4-gate	zip500k-ut.zip	k4a	1	lazy_open_samples_ms	313.334667,307.2725,309.659167,295.995,293.773792,290.377833,296.565292,300.446042,296.743167,292.992292,291.617667,293.259042,294.340667,290.943333,296.16275
k4-gate	zip500k-ut.zip	k4b	2	lazy_open_ms	293.661875
k4-gate	zip500k-ut.zip	k4b	2	lazy_open_reads	7
k4-gate	zip500k-ut.zip	k4b	2	lazy_open_bytes	56343873
k4-gate	zip500k-ut.zip	k4b	2	lazy_open_local_reads	2
k4-gate	zip500k-ut.zip	k4b	2	lazy_open_local_bytes	1024
k4-gate	zip500k-ut.zip	k4b	2	lazy_open_samples_ms	314.40225,299.592334,308.705333,310.272209,296.299833,293.188625,298.352375,293.661875,290.411417,292.007208,299.514334,289.214917,287.937875,290.002416,292.703666
k4-gate	zip500k-ut.zip	k4a	3	lazy_open_ms	296.148375
k4-gate	zip500k-ut.zip	k4a	3	lazy_open_reads	7
k4-gate	zip500k-ut.zip	k4a	3	lazy_open_bytes	56343873
k4-gate	zip500k-ut.zip	k4a	3	lazy_open_local_reads	2
k4-gate	zip500k-ut.zip	k4a	3	lazy_open_local_bytes	1024
k4-gate	zip500k-ut.zip	k4a	3	lazy_open_samples_ms	317.33475,308.025292,304.755667,291.321416,293.997875,293.033666,296.397834,285.423083,292.943833,297.966792,289.893916,296.148375,296.636375,300.72425,290.18825
k4-gate	zip500k-ut.zip	k3	4	lazy_open_ms	364.814417
k4-gate	zip500k-ut.zip	k3	4	lazy_open_reads	7
k4-gate	zip500k-ut.zip	k3	4	lazy_open_bytes	56343873
k4-gate	zip500k-ut.zip	k3	4	lazy_open_local_reads	2
k4-gate	zip500k-ut.zip	k3	4	lazy_open_local_bytes	1024
k4-gate	zip500k-ut.zip	k3	4	lazy_open_samples_ms	382.128667,374.507334,369.378666,356.188209,361.514875,364.609459,361.8475,364.814417,367.960791,369.786333,364.182416,368.947625,364.314959,362.70325,366.332583
acceptance	zip500k-ut.zip	baseline	0	lazy_open_ms	477.769291
acceptance	zip500k-ut.zip	baseline	0	lazy_open_reads	7
acceptance	zip500k-ut.zip	baseline	0	lazy_open_bytes	56343873
acceptance	zip500k-ut.zip	baseline	0	lazy_open_local_reads	2
acceptance	zip500k-ut.zip	baseline	0	lazy_open_local_bytes	1024
acceptance	zip500k-ut.zip	baseline	0	lazy_open_samples_ms	496.492417,487.981334,477.769291,469.868166,465.798209
acceptance	zip500k-ut.zip	baseline	0	eager_open_ms	866.300542
acceptance	zip500k-ut.zip	baseline	0	eager_open_reads	1000007
acceptance	zip500k-ut.zip	baseline	0	eager_open_bytes	77843873
acceptance	zip500k-ut.zip	baseline	0	eager_open_local_reads	1000002
acceptance	zip500k-ut.zip	baseline	0	eager_open_local_bytes	21501024
acceptance	zip500k-ut.zip	baseline	0	eager_open_samples_ms	908.632125,866.300542,849.458917,850.624958,870.361417
acceptance	zip500k-ut.zip	baseline	0	public_raw_ms	1193.887291
acceptance	zip500k-ut.zip	baseline	0	public_raw_reads	1000000
acceptance	zip500k-ut.zip	baseline	0	public_raw_bytes	21500000
acceptance	zip500k-ut.zip	baseline	0	public_raw_local_reads	1000000
acceptance	zip500k-ut.zip	baseline	0	public_raw_local_bytes	21500000
acceptance	zip500k-ut.zip	baseline	0	public_raw_samples_ms	1184.524792,1213.3376250000001,1193.887291,1198.616167,1184.084708
kaito-bench	zip500k-ut.zip	baseline	0	reps	5
kaito-bench	zip500k-ut.zip	baseline	0	open-median-ms	517.742
kaito-bench	zip500k-ut.zip	baseline	0	extract-median-ms	737.546
kaito-bench	zip500k-ut.zip	baseline	0	bytes	500000
acceptance	zip500k-ut.zip	final	0	spi_raw_ms	183.254292
acceptance	zip500k-ut.zip	final	0	spi_raw_reads	125
acceptance	zip500k-ut.zip	final	0	spi_raw_bytes	32000000
acceptance	zip500k-ut.zip	final	0	spi_raw_local_reads	125
acceptance	zip500k-ut.zip	final	0	spi_raw_local_bytes	32000000
acceptance	zip500k-ut.zip	final	0	spi_raw_samples_ms	183.938416,184.922667,183.254292,183.05925,183.094917
acceptance	zip500k-ut.zip	final	0	lazy_open_ms	293.756334
acceptance	zip500k-ut.zip	final	0	lazy_open_reads	7
acceptance	zip500k-ut.zip	final	0	lazy_open_bytes	56343873
acceptance	zip500k-ut.zip	final	0	lazy_open_local_reads	2
acceptance	zip500k-ut.zip	final	0	lazy_open_local_bytes	1024
acceptance	zip500k-ut.zip	final	0	lazy_open_samples_ms	289.13675,293.756334,294.663125,295.899459,293.590125
acceptance	zip500k-ut.zip	final	0	eager_open_ms	387.577709
acceptance	zip500k-ut.zip	final	0	eager_open_reads	132
acceptance	zip500k-ut.zip	final	0	eager_open_bytes	88343873
acceptance	zip500k-ut.zip	final	0	eager_open_local_reads	127
acceptance	zip500k-ut.zip	final	0	eager_open_local_bytes	32001024
acceptance	zip500k-ut.zip	final	0	eager_open_samples_ms	382.809917,388.730584,385.543958,387.577709,388.60625
acceptance	zip500k-ut.zip	final	0	public_raw_ms	431.869125
acceptance	zip500k-ut.zip	final	0	public_raw_reads	125
acceptance	zip500k-ut.zip	final	0	public_raw_bytes	32000000
acceptance	zip500k-ut.zip	final	0	public_raw_local_reads	125
acceptance	zip500k-ut.zip	final	0	public_raw_local_bytes	32000000
acceptance	zip500k-ut.zip	final	0	public_raw_samples_ms	435.440458,433.133375,431.869125,425.261291,426.358458
kaito-bench	zip500k-ut.zip	final	0	reps	5
kaito-bench	zip500k-ut.zip	final	0	open-median-ms	324.764
kaito-bench	zip500k-ut.zip	final	0	extract-median-ms	409.273
kaito-bench	zip500k-ut.zip	final	0	bytes	500000
k4-gate	zip500k-dd.zip	k3	0	lazy_open_ms	364.2985
k4-gate	zip500k-dd.zip	k3	0	lazy_open_reads	7
k4-gate	zip500k-dd.zip	k3	0	lazy_open_bytes	56343873
k4-gate	zip500k-dd.zip	k3	0	lazy_open_local_reads	2
k4-gate	zip500k-dd.zip	k3	0	lazy_open_local_bytes	1024
k4-gate	zip500k-dd.zip	k3	0	lazy_open_samples_ms	394.607917,386.380792,369.530917,358.682334,355.686209,362.810917,358.051166,364.691833,363.576709,364.2985,369.387125,371.699917,358.569292,368.41975,362.400417
k4-gate	zip500k-dd.zip	k4a	1	lazy_open_ms	296.629042
k4-gate	zip500k-dd.zip	k4a	1	lazy_open_reads	7
k4-gate	zip500k-dd.zip	k4a	1	lazy_open_bytes	56343873
k4-gate	zip500k-dd.zip	k4a	1	lazy_open_local_reads	2
k4-gate	zip500k-dd.zip	k4a	1	lazy_open_local_bytes	1024
k4-gate	zip500k-dd.zip	k4a	1	lazy_open_samples_ms	318.16075,309.891459,308.910959,303.713583,298.320625,298.8185,286.626417,291.034584,288.119666,292.346166,294.65875,299.594917,291.69975,294.031375,296.629042
k4-gate	zip500k-dd.zip	k4b	2	lazy_open_ms	295.650208
k4-gate	zip500k-dd.zip	k4b	2	lazy_open_reads	7
k4-gate	zip500k-dd.zip	k4b	2	lazy_open_bytes	56343873
k4-gate	zip500k-dd.zip	k4b	2	lazy_open_local_reads	2
k4-gate	zip500k-dd.zip	k4b	2	lazy_open_local_bytes	1024
k4-gate	zip500k-dd.zip	k4b	2	lazy_open_samples_ms	313.297334,301.693958,300.643625,289.700125,292.251833,289.873709,292.213042,292.451875,298.481709,292.729166,295.650208,299.850416,296.443208,306.150584,288.002333
k4-gate	zip500k-dd.zip	k4a	3	lazy_open_ms	296.82175
k4-gate	zip500k-dd.zip	k4a	3	lazy_open_reads	7
k4-gate	zip500k-dd.zip	k4a	3	lazy_open_bytes	56343873
k4-gate	zip500k-dd.zip	k4a	3	lazy_open_local_reads	2
k4-gate	zip500k-dd.zip	k4a	3	lazy_open_local_bytes	1024
k4-gate	zip500k-dd.zip	k4a	3	lazy_open_samples_ms	310.054125,303.10825,312.590542,308.013625,294.693209,297.590833,296.037708,295.484292,297.435666,297.632625,296.82175,295.699959,296.477625,294.91125,295.200917
k4-gate	zip500k-dd.zip	k3	4	lazy_open_ms	363.80875
k4-gate	zip500k-dd.zip	k3	4	lazy_open_reads	7
k4-gate	zip500k-dd.zip	k3	4	lazy_open_bytes	56343873
k4-gate	zip500k-dd.zip	k3	4	lazy_open_local_reads	2
k4-gate	zip500k-dd.zip	k3	4	lazy_open_local_bytes	1024
k4-gate	zip500k-dd.zip	k3	4	lazy_open_samples_ms	394.430834,376.150416,373.208333,353.18225,363.14675,363.120459,367.102916,369.567917,361.588458,370.06725,355.068875,362.487542,373.932834,363.80875,360.620167
acceptance	zip500k-dd.zip	baseline	0	lazy_open_ms	487.160083
acceptance	zip500k-dd.zip	baseline	0	lazy_open_reads	7
acceptance	zip500k-dd.zip	baseline	0	lazy_open_bytes	56343873
acceptance	zip500k-dd.zip	baseline	0	lazy_open_local_reads	2
acceptance	zip500k-dd.zip	baseline	0	lazy_open_local_bytes	1024
acceptance	zip500k-dd.zip	baseline	0	lazy_open_samples_ms	490.601208,490.345459,487.160083,466.739708,463.194208
acceptance	zip500k-dd.zip	baseline	0	eager_open_ms	868.438333
acceptance	zip500k-dd.zip	baseline	0	eager_open_reads	1000007
acceptance	zip500k-dd.zip	baseline	0	eager_open_bytes	77843873
acceptance	zip500k-dd.zip	baseline	0	eager_open_local_reads	1000002
acceptance	zip500k-dd.zip	baseline	0	eager_open_local_bytes	21501024
acceptance	zip500k-dd.zip	baseline	0	eager_open_samples_ms	939.099959,868.695416,867.692292,857.080625,868.438333
acceptance	zip500k-dd.zip	baseline	0	public_raw_ms	1376.218042
acceptance	zip500k-dd.zip	baseline	0	public_raw_reads	1500000
acceptance	zip500k-dd.zip	baseline	0	public_raw_bytes	29500000
acceptance	zip500k-dd.zip	baseline	0	public_raw_local_reads	1500000
acceptance	zip500k-dd.zip	baseline	0	public_raw_local_bytes	29500000
acceptance	zip500k-dd.zip	baseline	0	public_raw_samples_ms	1368.980375,1377.0355829999999,1369.707167,1385.190334,1376.218042
kaito-bench	zip500k-dd.zip	baseline	0	reps	5
kaito-bench	zip500k-dd.zip	baseline	0	open-median-ms	514.694
kaito-bench	zip500k-dd.zip	baseline	0	extract-median-ms	736.243
kaito-bench	zip500k-dd.zip	baseline	0	bytes	500000
acceptance	zip500k-dd.zip	final	0	spi_raw_ms	201.1725
acceptance	zip500k-dd.zip	final	0	spi_raw_reads	155
acceptance	zip500k-dd.zip	final	0	spi_raw_bytes	40000000
acceptance	zip500k-dd.zip	final	0	spi_raw_local_reads	155
acceptance	zip500k-dd.zip	final	0	spi_raw_local_bytes	40000000
acceptance	zip500k-dd.zip	final	0	spi_raw_samples_ms	210.682125,202.022083,201.1725,200.942125,200.844208
acceptance	zip500k-dd.zip	final	0	lazy_open_ms	293.375125
acceptance	zip500k-dd.zip	final	0	lazy_open_reads	7
acceptance	zip500k-dd.zip	final	0	lazy_open_bytes	56343873
acceptance	zip500k-dd.zip	final	0	lazy_open_local_reads	2
acceptance	zip500k-dd.zip	final	0	lazy_open_local_bytes	1024
acceptance	zip500k-dd.zip	final	0	lazy_open_samples_ms	291.894417,296.564125,293.375125,292.986333,307.169125
acceptance	zip500k-dd.zip	final	0	eager_open_ms	386.57725
acceptance	zip500k-dd.zip	final	0	eager_open_reads	162
acceptance	zip500k-dd.zip	final	0	eager_open_bytes	96343873
acceptance	zip500k-dd.zip	final	0	eager_open_local_reads	157
acceptance	zip500k-dd.zip	final	0	eager_open_local_bytes	40001024
acceptance	zip500k-dd.zip	final	0	eager_open_samples_ms	386.57725,387.421208,388.307167,383.182125,385.981416
acceptance	zip500k-dd.zip	final	0	public_raw_ms	440.075833
acceptance	zip500k-dd.zip	final	0	public_raw_reads	155
acceptance	zip500k-dd.zip	final	0	public_raw_bytes	40000000
acceptance	zip500k-dd.zip	final	0	public_raw_local_reads	155
acceptance	zip500k-dd.zip	final	0	public_raw_local_bytes	40000000
acceptance	zip500k-dd.zip	final	0	public_raw_samples_ms	446.091667,440.075833,436.860125,439.369959,441.688667
kaito-bench	zip500k-dd.zip	final	0	reps	5
kaito-bench	zip500k-dd.zip	final	0	open-median-ms	324.170
kaito-bench	zip500k-dd.zip	final	0	extract-median-ms	409.459
kaito-bench	zip500k-dd.zip	final	0	bytes	500000
